photo_id	photo_url	photo_image_url	photo_submitted_at	photo_featured	photo_width	photo_height	photo_aspect_ratio	photo_description	photographer_username	photographer_first_name	photographer_last_name	exif_camera_make	exif_camera_model	exif_iso	exif_aperture_value	exif_focal_length	exif_exposure_time	photo_location_name	photo_location_latitude	photo_location_longitude	photo_location_country	photo_location_city	stats_views	stats_downloads	ai_description	ai_primary_landmark_name	ai_primary_landmark_latitude	ai_primary_landmark_longitude	ai_primary_landmark_confidence	blur_hash
oSf8ePoG9NU	https://unsplash.com/photos/oSf8ePoG9NU	https://images.unsplash.com/20/frozen-grass.JPG	2013-12-04 14:58:49	t	4000	2667	1.5		andrekoch	Andre	Koch												4296224	30072	black road in between white and brown grass across forest photo during sunset					LPBM;~RkM|of~VRkNHof%1RjRkof
DlsOa5moK4w	https://unsplash.com/photos/DlsOa5moK4w	https://images.unsplash.com/reserve/dRA4UuMBR2K5pxchYcxA_IMG_6965.JPG	2014-07-10 17:19:38	t	5184	3456	1.5	Fresh blueberries	majkmmiklavc	Majk	M.	Canon	Canon EOS 600D	200	1.8	50.0	1/125						8731049	26411	selective focus of blueberry plant					LiJ+M4s=-pj;~qx]RpbXx1ogRkob
XBGacbT3vXI	https://unsplash.com/photos/XBGacbT3vXI	https://images.unsplash.com/photo-1436335231969-f3271f28670d	2015-07-08 05:54:38.486126	t	6000	4000	1.5		shooshanig	Shooshanig	Berumen	NIKON CORPORATION	NIKON D3300	400	10.0	23.0	1/320						2224540	19250	photography of calm beach side					LSL}HBR*a{fP_NWVoej[x^s.j[ay
FjikPptEbZg	https://unsplash.com/photos/FjikPptEbZg	https://images.unsplash.com/flagged/photo-1441005072573-3a7192272e44	2015-08-31 07:12:27.700568	f	3008	2008	1.5		websanya	Alexander	Goncharov	PENTAX Corporation	PENTAX K100D	200	22.0	18.0	1/80		44.2526030315748	6.91788789941393	France	Saint-Étienne-de-Tinée	45536	421	green trees on mountain under white clouds during daytime					LyF7Cux[M{kB?^t6azbHRjjrt7ae
PXdBkNF8rlk	https://unsplash.com/photos/PXdBkNF8rlk	https://images.unsplash.com/photo-1445966838217-f418f2601b54	2015-10-27 17:30:25.724092	t	3000	2000	1.5	Icebergs of Iceland's Vatnajokull	andersjilden	Anders	Jildén	Canon	Canon EOS-1D X	100	2.8	200.0	1/1000		64.0447920625842	-16.1738322723633	Iceland		7394191	43442	icebergs floating on body of water during daytime					LQG]];?b~qayBtIU9Ft79xj[tRM|
oQmKteV2yBA	https://unsplash.com/photos/oQmKteV2yBA	https://images.unsplash.com/photo-1445384153502-5b921b006ee2	2015-10-20 23:37:25.507939	t	4506	3000	1.5		css	Christopher	Sardegna								33.406307	-117.60586	United States	San Clemente	2811529	9584	man riding bodyboard					LrO3%[spxus:~Wk9f7j]s:WCWBWB
fi9PSKk7UyE	https://unsplash.com/photos/fi9PSKk7UyE	https://images.unsplash.com/photo-1453535397344-2db6bf80862a	2016-01-23 07:55:24.146936	t	4496	3000	1.5	Furry alley cat	hocus_phocus	Mukesh	Jain	NIKON CORPORATION	NIKON D5200	100	1.8	50.0	1/2500		27.0495005	88.1105273000001	India	Dhotrey	3182633	14482	grey kitten sitting on the doorway					LQD0P;?^NeM_pc%gt7M{IURPjFR*
0gmYLADpIzA	https://unsplash.com/photos/0gmYLADpIzA	https://images.unsplash.com/photo-1457449390280-f75242d61997	2016-03-08 15:03:49.697791	t	3888	2592	1.5		christianallard	Christian	Allard	Canon	Canon EOS DIGITAL REBEL XTi	400	1.8	50.0	1/60				Canada	Ottawa	2959107	15038	person holding black lighter					LEBysz0L58$z9uxao0t70f%2-nIp
NnnsN-cQUSw	https://unsplash.com/photos/NnnsN-cQUSw	https://images.unsplash.com/photo-1456952416974-5fef1191b6f5	2016-03-02 21:00:15.509234	t	1825	2479	0.73999999999999999	Man entering ocean	kaustly	Kelly	Austin	Canon	Canon EOS DIGITAL REBEL XTi	200	22.0	18.0	1/80						2529518	8081	man in ocean					LdG+gnoJWWj[ysoLaej[%Mj[jtj[
p1Hlr3fdjTo	https://unsplash.com/photos/p1Hlr3fdjTo	https://images.unsplash.com/photo-1465308452258-70fc6a9b67a8	2016-06-07 14:09:15.444962	t	5110	3407	1.5	hill cabin	fredmarriage	freddie	marriage	Canon	Canon EOS 7D	160	16.0	70.0	1/80		56.3333333	-4.06666670000004	United Kingdom	Crieff	11294229	35023	gray house in the middle of green grass field					LkMsixW=Rks:_4j[j?R+%gofoes:
jPPHYSez-s4	https://unsplash.com/photos/jPPHYSez-s4	https://images.unsplash.com/photo-1490079311861-9aee24e72929	2017-03-21 06:55:53.74195	t	5472	3648	1.5	Woman in a sunlit meadow	jeremybishop	Jeremy	Bishop	Canon	Canon EOS 7D Mark II	400	8.0	24.0	1/250						2347494	14391	woman standing of flower field					LcD^s4-=x]t7PExtxun$DgM{R*WV
gtabImSzH-g	https://unsplash.com/photos/gtabImSzH-g	https://images.unsplash.com/photo-1498730716140-fcbe163210cb	2017-06-29 10:05:36.991148	t	5167	3840	1.3500000000000001		acerthings	Einar Ingi	Sigmundsson	Canon	Canon EOS 5D Mark III	160	6.3	105.0	1/4000		63.4186315	-19.0060479	Iceland	Vik	1166702	6023	a paraglider is flying through the clouds in the sky					LlF~]wxvWBj]xwM{WBay4TRkofjt
5kGjw-8MJeU	https://unsplash.com/photos/5kGjw-8MJeU	https://images.unsplash.com/photo-1499341836733-35fe169ba1c1	2017-07-06 11:51:53.084701	t	2738	1825	1.5	Cagliari, 2017.	nicolafioravanti	Nicola	Fioravanti								39.2237632	9.12186710000003	Italy		7150336	7281	silhouette of a man					L88gKZ^ixtIp0ME2NHxas,?GoJxZ
P_R0TPQ8iPs	https://unsplash.com/photos/P_R0TPQ8iPs	https://images.unsplash.com/photo-1503523258171-3a5244c91dfa	2017-08-23 21:21:34.761926	t	3872	2592	1.49	Peaks	krisv	Kristóf	Vizy	NIKON CORPORATION	NIKON D80	125	18.0	70.0	1/400		45.5183736	7.26658850000001	Italy		558527	4309	aerial view of mountains covered with clouds					LPIr85s.D%Io.TIURjt6E1axRjWB
-cKXtsJWU-I	https://unsplash.com/photos/-cKXtsJWU-I	https://images.unsplash.com/photo-1504966981333-1ac8809be1ca	2017-09-09 14:47:25.591213	t	4272	2848	1.5	I took this star trail at Mabini, Batangas, Philippines way back in 2015. It was the first time I took this kind of star trail utilizing the position of the North Star (Polaris) at the sky, which seems to produce circular path of stars because the Earth rotates with Polaris right above the rotational axis.	jareeign	Reign	Abarintos	Canon	1100D	800	3.5	18	30s		13.747446474462	120.900389171906	Philippines	Mabini	12972363	141842	a star trail over a body of water					L0261:v]-o-p4:9tESE1-M?I$x%N
x8zEeH7euQI	https://unsplash.com/photos/x8zEeH7euQI	https://images.unsplash.com/photo-1504432001849-e23624c0e78b	2017-09-03 09:48:10.829809	t	3017	4022	0.75	Game Of Thrones	samscrim	Samuel	Scrimshaw	Google	Pixel XL	58	2.0	4.7	1/620						1984674	13793	photo of bridge covered by snow					LLMkO.s,D%WB~q-p%Noz-;WBIUae
tLatn4r0nYo	https://unsplash.com/photos/tLatn4r0nYo	https://images.unsplash.com/photo-1506460833468-8a0f90c2e5bb	2017-09-26 21:21:56.520286	t	3926	2454	1.6000000000000001	.	jake_hinds	Jake	Hinds	SONY	ILCE-7M2	100	8.0	18.0	1/400						414705	4164	grayscale photography of ocean					LGBgC~RjIUfQ4Tt7xuayD%fkj@j[
lvSDZw6V8nw	https://unsplash.com/photos/lvSDZw6V8nw	https://images.unsplash.com/reserve/2CHRCzLqSRuVRMdneTTS_unspash_003.jpg	2014-04-14 10:41:17	t	5184	3456	1.5	Hiking up the hills	charless	Charles	S.	Canon	Canon EOS 60D	200	3.5	17.0	1/500						13345926	48775	fog covered mountains					L{MH79t7M{az_NWVf6off5aet7WB
-K3kpN0FCKo	https://unsplash.com/photos/-K3kpN0FCKo	https://images.unsplash.com/photo--K3kpN0FCKo	2020-12-30 00:00:00	f	3000	2667	1.1	serene forest scene	maurizio_manzato	Maurizio	Manzato	NIKON CORPORATION	NIKON D850	200	4.0	35.0	1/250	Caucasus Mountains	43.0	44.0	Russia	Caucasus	792987	8450	serene forest scene	Caucasus Mountains	43.0	44.0	88	L122C2
-Ylz_tc8NOk	https://unsplash.com/photos/-Ylz_tc8NOk	https://images.unsplash.com/photo--Ylz_tc8NOk	2019-07-20 00:00:00	t	3888	3456	1.1	waterfall in jungle	maurizio_manzato	Maurizio	Manzato	NIKON CORPORATION	NIKON D750	800	10.0	100.0	1/500	Caucasus Mountains	43.0	44.0	Russia	Caucasus	3792275	16498	waterfall in jungle	Caucasus Mountains	43.0	44.0	86	L1767
-h5qBDn_8Tw	https://unsplash.com/photos/-h5qBDn_8Tw	https://images.unsplash.com/photo--h5qBDn_8Tw	2020-02-08 00:00:00	t	3888	2667	1.5	peaceful lake reflection	queeniebee	Queenie	Bee	SONY	ILCE-7R III	800	2.0	50.0	1/250	Mount Etna	37.7	15.0	Italy	Sicily	3789177	22531	peaceful lake reflection	Mount Etna	37.7	15.0	88	LB1AA
-u-utDdi6m0	https://unsplash.com/photos/-u-utDdi6m0	https://images.unsplash.com/photo--u-utDdi6m0	2019-10-26 00:00:00	f	3264	2667	1.2	winter mountain vista	jameshardie	James	Hardie	Canon	Canon EOS 7D Mark II	800	2.8	100.0	1/60	Lake Baikal	53.5	104.8	Russia	Siberia	4289454	25568	winter mountain vista	Lake Baikal	53.5	104.8	75	LA8E1
0hvmAoYkQYM	https://unsplash.com/photos/0hvmAoYkQYM	https://images.unsplash.com/photo-0hvmAoYkQYM	2021-01-09 00:00:00	f	6000	2000	3.0	rocky coastal cliffs	tinywhitecottage	Tiny	Cottage	FUJIFILM	X-H1	400	4.0	100.0	1/2000	Croatian Coast	43.0	16.8	Croatia	Dalmatia	1521714	33741	rocky coastal cliffs	Croatian Coast	43.0	16.8	70	L1218C
0sRGmQwaxZ0	https://unsplash.com/photos/0sRGmQwaxZ0	https://images.unsplash.com/photo-0sRGmQwaxZ0	2020-12-04 00:00:00	t	4000	4000	1.0	autumn trees in forest	hisvedge	Hisham	Vedge	Canon	Canon EOS 5D Mark III	100	1.8	85.0	1/60	Rocky Mountains	40.3573	-105.6811	United States	Colorado	4727530	29196	autumn trees in forest	Rocky Mountains	40.3573	-105.6811	65	L10905
1RIWi9HxXrk	https://unsplash.com/photos/1RIWi9HxXrk	https://images.unsplash.com/photo-1RIWi9HxXrk	2021-11-24 00:00:00	f	5184	2000	2.6	meadow with wildflowers	ikukevk	Ivan	Kukekov	NIKON CORPORATION	NIKON D750	160	5.6	100.0	1/500	Amazon Rainforest	-3.0	-60.0	Brazil	Amazonas	1552703	6388	meadow with wildflowers	Amazon Rainforest	-3.0	-60.0	54	L15E84
2DNM5vMPte0	https://unsplash.com/photos/2DNM5vMPte0	https://images.unsplash.com/photo-2DNM5vMPte0	2019-10-23 00:00:00	t	3264	2667	1.2	vast grassland plain	anthonydam	Anthony	Dam	NIKON CORPORATION	NIKON D850	100	1.8	16.0	1/2000	Lake Tahoe	39.0968	-120.0324	United States	California	4435764	23682	vast grassland plain	Lake Tahoe	39.0968	-120.0324	59	LCFE6
44viBeBkT-c	https://unsplash.com/photos/44viBeBkT-c	https://images.unsplash.com/photo-44viBeBkT-c	2021-05-07 00:00:00	t	3000	2000	1.5	vast grassland plain	anniespratt	Annie	Spratt	FUJIFILM	X-H1	200	4.0	24.0	1/30	Banff National Park	51.4968	-115.9281	Canada	Alberta	2811675	21286	vast grassland plain	Banff National Park	51.4968	-115.9281	79	LDB9A
4k-U1Wp2d00	https://unsplash.com/photos/4k-U1Wp2d00	https://images.unsplash.com/photo-4k-U1Wp2d00	2018-10-23 00:00:00	f	3264	2592	1.3	volcanic rock formation	davidclode	David	Clode	NIKON CORPORATION	NIKON D850	400	2.8	18.0	1/1000	Zion National Park	37.2982	-112.9789	United States	Utah	1815383	39327	volcanic rock formation	Zion National Park	37.2982	-112.9789	56	LA7F1
4qZq7xlqpvM	https://unsplash.com/photos/4qZq7xlqpvM	https://images.unsplash.com/photo-4qZq7xlqpvM	2022-08-20 00:00:00	t	6000	3000	2.0	serene forest scene	neom	NEOM		Canon	Canon EOS 5D Mark III	100	4.0	18.0	1/250	Rocky Mountains	40.3573	-105.6811	United States	Colorado	2411452	40079	serene forest scene	Rocky Mountains	40.3573	-105.6811	51	L143AD
5eYdj1ZTOlc	https://unsplash.com/photos/5eYdj1ZTOlc	https://images.unsplash.com/photo-5eYdj1ZTOlc	2022-06-02 00:00:00	t	6000	2592	2.3	serene forest scene	davidclode	David	Clode	SONY	ILCE-7M3	400	2.0	35.0	1/30	Scottish Highlands	57.2	-4.5	United Kingdom	Scotland	1674605	23384	serene forest scene	Scottish Highlands	57.2	-4.5	66	L12E0B
6msS8vT5pzw	https://unsplash.com/photos/6msS8vT5pzw	https://images.unsplash.com/photo-6msS8vT5pzw	2022-11-22 00:00:00	t	4000	2592	1.5	dense tropical vegetation	olivierh	Olivier	Herbert	Canon	Canon EOS 6D	1600	4.0	35.0	1/30	Mount Etna	37.7	15.0	Italy	Sicily	4824609	33394	dense tropical vegetation	Mount Etna	37.7	15.0	89	LA936
6p6WDodvR2Y	https://unsplash.com/photos/6p6WDodvR2Y	https://images.unsplash.com/photo-6p6WDodvR2Y	2022-10-31 00:00:00	f	6000	2592	2.3	vibrant wildflower field	anthonydam	Anthony	Dam	SONY	ILCE-7M3	800	2.0	135.0	1/30	Atacama Desert	-22.9	-68.2	Chile	Antofagasta	1747189	20227	vibrant wildflower field	Atacama Desert	-22.9	-68.2	52	L1E00
795KLb6DI7E	https://unsplash.com/photos/795KLb6DI7E	https://images.unsplash.com/photo-795KLb6DI7E	2018-02-23 00:00:00	f	3000	2000	1.5	volcanic rock formation	davidclode	David	Clode	NIKON CORPORATION	NIKON D810	160	10.0	18.0	1/500	Lake Tahoe	39.0968	-120.0324	United States	California	4801373	37231	volcanic rock formation	Lake Tahoe	39.0968	-120.0324	56	LF5C5
7FLh300YONc	https://unsplash.com/photos/7FLh300YONc	https://images.unsplash.com/photo-7FLh300YONc	2018-11-14 00:00:00	t	3000	3456	0.9	beach with palm trees	davidclode	David	Clode	Canon	Canon EOS 5D Mark III	800	10.0	85.0	1/500	Dolomites	46.4	12.0	Italy	Trentino	2298055	44223	beach with palm trees	Dolomites	46.4	12.0	71	L5AD7
7psXKRl2amU	https://unsplash.com/photos/7psXKRl2amU	https://images.unsplash.com/photo-7psXKRl2amU	2022-06-20 00:00:00	t	3000	4000	0.8	misty valley at dawn	kayleigh_madej	Kayleigh	Madej	Canon	Canon EOS 6D	200	4.0	135.0	1/250	Caucasus Mountains	43.0	44.0	Russia	Caucasus	3967090	33441	misty valley at dawn	Caucasus Mountains	43.0	44.0	84	L1306
B2mq60Ksrsg	https://unsplash.com/photos/B2mq60Ksrsg	https://images.unsplash.com/photo-B2mq60Ksrsg	2020-01-01 00:00:00	t	5184	3000	1.7	beach with palm trees	tinywhitecottage	Tiny	Cottage	NIKON CORPORATION	NIKON D810	400	1.8	50.0	1/500	Mount Etna	37.7	15.0	Italy	Sicily	2902956	6655	beach with palm trees	Mount Etna	37.7	15.0	51	LBAA0
Bwkl85sszNM	https://unsplash.com/photos/Bwkl85sszNM	https://images.unsplash.com/photo-Bwkl85sszNM	2018-03-13 00:00:00	t	3888	2048	1.9	serene forest scene	lance_asper	Lance	Asper	NIKON CORPORATION	NIKON D810	1600	10.0	100.0	1/2000	Swiss Alps	46.8083	8.2275	Switzerland	Bernese Oberland	4283053	11388	serene forest scene	Swiss Alps	46.8083	8.2275	72	LDE6
CTdSlskmvmU	https://unsplash.com/photos/CTdSlskmvmU	https://images.unsplash.com/photo-CTdSlskmvmU	2019-02-05 00:00:00	t	5184	2000	2.6	dense tropical vegetation	anthonydam	Anthony	Dam	Canon	Canon EOS 7D Mark II	400	2.8	35.0	1/125	Caucasus Mountains	43.0	44.0	Russia	Caucasus	1825758	42168	dense tropical vegetation	Caucasus Mountains	43.0	44.0	91	L17EA4
DHMcRjvBmdk	https://unsplash.com/photos/DHMcRjvBmdk	https://images.unsplash.com/photo-DHMcRjvBmdk	2021-03-26 00:00:00	f	3000	2048	1.5	dramatic sunset over water	kayleigh_madej	Kayleigh	Madej	SONY	ILCE-7M3	800	5.6	16.0	1/2000	Iceland Highlands	64.9	-19.0	Iceland	Central	3899980	33207	dramatic sunset over water	Iceland Highlands	64.9	-19.0	64	L88B9
DNXWtB33WWE	https://unsplash.com/photos/DNXWtB33WWE	https://images.unsplash.com/photo-DNXWtB33WWE	2022-09-29 00:00:00	t	4000	2048	2.0	starry night sky	maurizio_manzato	Maurizio	Manzato	Canon	Canon EOS 7D Mark II	1600	10.0	100.0	1/500	Grand Canyon	36.1069	-112.1128	United States	Arizona	1822563	1191	starry night sky	Grand Canyon	36.1069	-112.1128	59	L116B3
EOxpS6yBQU4	https://unsplash.com/photos/EOxpS6yBQU4	https://images.unsplash.com/photo-EOxpS6yBQU4	2022-05-17 00:00:00	t	4500	2592	1.7	dramatic sunset over water	tinywhitecottage	Tiny	Cottage	SONY	ILCE-7M3	800	2.8	50.0	1/125	Dolomites	46.4	12.0	Italy	Trentino	4759532	45160	dramatic sunset over water	Dolomites	46.4	12.0	50	L1281B
F1OjCxOlj8Q	https://unsplash.com/photos/F1OjCxOlj8Q	https://images.unsplash.com/photo-F1OjCxOlj8Q	2018-09-16 00:00:00	t	5184	3456	1.5	vibrant wildflower field	paulkarafillis	Paul	Karafillis	SONY	ILCE-7M3	1600	1.8	100.0	1/250	Scottish Highlands	57.2	-4.5	United Kingdom	Scotland	1586263	22377	vibrant wildflower field	Scottish Highlands	57.2	-4.5	81	L7527
F7HGqkkMYAU	https://unsplash.com/photos/F7HGqkkMYAU	https://images.unsplash.com/photo-F7HGqkkMYAU	2022-11-19 00:00:00	t	3888	2048	1.9	winter mountain vista	hisvedge	Hisham	Vedge	NIKON CORPORATION	NIKON D850	1600	2.8	16.0	1/125	Norwegian Fjords	60.8	6.9	Norway	Sognefjord	536566	27195	winter mountain vista	Norwegian Fjords	60.8	6.9	53	L17A36
Gpdc-LgjJPA	https://unsplash.com/photos/Gpdc-LgjJPA	https://images.unsplash.com/photo-Gpdc-LgjJPA	2018-11-17 00:00:00	t	6000	3000	2.0	serene forest scene	maurizio_manzato	Maurizio	Manzato	NIKON CORPORATION	NIKON D810	160	5.6	50.0	1/60	Rocky Mountains	40.3573	-105.6811	United States	Colorado	4616145	45622	serene forest scene	Rocky Mountains	40.3573	-105.6811	61	L806C
JIF__24w3XA	https://unsplash.com/photos/JIF__24w3XA	https://images.unsplash.com/photo-JIF__24w3XA	2019-05-21 00:00:00	t	4500	2592	1.7	vibrant wildflower field	tinywhitecottage	Tiny	Cottage	FUJIFILM	X-H1	160	1.8	85.0	1/500	Mount Etna	37.7	15.0	Italy	Sicily	141009	3192	vibrant wildflower field	Mount Etna	37.7	15.0	79	L99D8
LKwo0PfwSTs	https://unsplash.com/photos/LKwo0PfwSTs	https://images.unsplash.com/photo-LKwo0PfwSTs	2018-10-30 00:00:00	f	3264	4000	0.8	majestic mountain landscape	neom	NEOM		SONY	ILCE-7R III	100	10.0	24.0	1/2000	Rocky Mountains	40.3573	-105.6811	United States	Colorado	1313088	22919	majestic mountain landscape	Rocky Mountains	40.3573	-105.6811	60	LA17C
Lzx4J_Pb3sk	https://unsplash.com/photos/Lzx4J_Pb3sk	https://images.unsplash.com/photo-Lzx4J_Pb3sk	2022-08-30 00:00:00	t	5184	2667	1.9	winter mountain vista	jameshardie	James	Hardie	Canon	Canon EOS 7D Mark II	100	2.8	50.0	1/30	Grand Canyon	36.1069	-112.1128	United States	Arizona	3337211	5560	winter mountain vista	Grand Canyon	36.1069	-112.1128	74	LB157
MPYUwhE8Jjs	https://unsplash.com/photos/MPYUwhE8Jjs	https://images.unsplash.com/photo-MPYUwhE8Jjs	2018-03-26 00:00:00	t	6000	2000	3.0	vibrant wildflower field	maurizio_manzato	Maurizio	Manzato	FUJIFILM	X-T3	100	2.0	18.0	1/500	Death Valley	36.5323	-116.9325	United States	California	616061	3854	vibrant wildflower field	Death Valley	36.5323	-116.9325	91	L2E7D
MnhfamCWs6s	https://unsplash.com/photos/MnhfamCWs6s	https://images.unsplash.com/photo-MnhfamCWs6s	2021-12-20 00:00:00	f	4000	3000	1.3	waterfall in jungle	ikukevk	Ivan	Kukekov	Canon	Canon EOS 7D Mark II	100	2.8	50.0	1/60	Banff National Park	51.4968	-115.9281	Canada	Alberta	2537291	46479	waterfall in jungle	Banff National Park	51.4968	-115.9281	85	LB294
P3ek4SMx_kc	https://unsplash.com/photos/P3ek4SMx_kc	https://images.unsplash.com/photo-P3ek4SMx_kc	2018-10-11 00:00:00	t	4000	2048	2.0	vibrant wildflower field	gradienta	Gradienta		Canon	Canon EOS 6D	1600	2.0	100.0	1/1000	Death Valley	36.5323	-116.9325	United States	California	2249910	44572	vibrant wildflower field	Death Valley	36.5323	-116.9325	73	L17415
QC8zpwAGIcA	https://unsplash.com/photos/QC8zpwAGIcA	https://images.unsplash.com/photo-QC8zpwAGIcA	2020-04-25 00:00:00	t	3000	2000	1.5	green hillside landscape	anniespratt	Annie	Spratt	FUJIFILM	X-T3	200	1.8	135.0	1/250	Banff National Park	51.4968	-115.9281	Canada	Alberta	4978735	11516	green hillside landscape	Banff National Park	51.4968	-115.9281	90	L11F62
QKZ0bak8_KE	https://unsplash.com/photos/QKZ0bak8_KE	https://images.unsplash.com/photo-QKZ0bak8_KE	2022-11-24 00:00:00	t	3264	3000	1.1	green hillside landscape	tinywhitecottage	Tiny	Cottage	Canon	Canon EOS 6D	100	2.0	100.0	1/125	Patagonia	-49.3	-71.2	Argentina	Santa Cruz	878817	15678	green hillside landscape	Patagonia	-49.3	-71.2	55	L1507D
Qz3eI1B2QPs	https://unsplash.com/photos/Qz3eI1B2QPs	https://images.unsplash.com/photo-Qz3eI1B2QPs	2019-12-29 00:00:00	t	3000	3000	1.0	snow-capped peaks	hisvedge	Hisham	Vedge	Canon	Canon EOS 5D Mark III	1600	1.8	18.0	1/1000	Lake Baikal	53.5	104.8	Russia	Siberia	4766588	36654	snow-capped peaks	Lake Baikal	53.5	104.8	69	L7D24
RAdctHjxpfY	https://unsplash.com/photos/RAdctHjxpfY	https://images.unsplash.com/photo-RAdctHjxpfY	2021-01-08 00:00:00	f	3000	3000	1.0	serene forest scene	paulkarafillis	Paul	Karafillis	SONY	ILCE-7R III	400	2.8	24.0	1/500	Grand Canyon	36.1069	-112.1128	United States	Arizona	834634	29490	serene forest scene	Grand Canyon	36.1069	-112.1128	88	L167D4
RJDZBhPzlDg	https://unsplash.com/photos/RJDZBhPzlDg	https://images.unsplash.com/photo-RJDZBhPzlDg	2021-06-27 00:00:00	t	5184	2592	2.0	vibrant wildflower field	ikukevk	Ivan	Kukekov	FUJIFILM	X-T3	400	1.8	35.0	1/500	Patagonia	-49.3	-71.2	Argentina	Santa Cruz	2676814	39405	vibrant wildflower field	Patagonia	-49.3	-71.2	90	L6931
RXq_71ICIcg	https://unsplash.com/photos/RXq_71ICIcg	https://images.unsplash.com/photo-RXq_71ICIcg	2021-03-22 00:00:00	t	6000	3456	1.7	waterfall in jungle	raddfilms	Radd	Films	SONY	ILCE-7R III	100	1.8	85.0	1/30	Scottish Highlands	57.2	-4.5	United Kingdom	Scotland	4183342	20794	waterfall in jungle	Scottish Highlands	57.2	-4.5	60	L91E6
Sol5LM1sowA	https://unsplash.com/photos/Sol5LM1sowA	https://images.unsplash.com/photo-Sol5LM1sowA	2021-01-23 00:00:00	f	6000	2667	2.2	starry night sky	kayleigh_madej	Kayleigh	Madej	Canon	Canon EOS 6D	1600	2.0	16.0	1/60	Rocky Mountains	40.3573	-105.6811	United States	Colorado	849768	20651	starry night sky	Rocky Mountains	40.3573	-105.6811	75	L11C0C
TKV0jyMKPB4	https://unsplash.com/photos/TKV0jyMKPB4	https://images.unsplash.com/photo-TKV0jyMKPB4	2022-03-23 00:00:00	t	3888	2000	1.9	arid desert landscape	everton_vila	Everton	Vila	FUJIFILM	X-H1	160	4.0	100.0	1/30	Norwegian Fjords	60.8	6.9	Norway	Sognefjord	1686179	34977	arid desert landscape	Norwegian Fjords	60.8	6.9	78	L1066F
TwMLYN_CMT4	https://unsplash.com/photos/TwMLYN_CMT4	https://images.unsplash.com/photo-TwMLYN_CMT4	2018-05-06 00:00:00	f	5184	2667	1.9	beach with palm trees	frankiefoto	Frankie	Foto	NIKON CORPORATION	NIKON D850	200	5.6	35.0	1/1000	Norwegian Fjords	60.8	6.9	Norway	Sognefjord	1615651	41254	beach with palm trees	Norwegian Fjords	60.8	6.9	67	LB610
UCfVkFjSS-s	https://unsplash.com/photos/UCfVkFjSS-s	https://images.unsplash.com/photo-UCfVkFjSS-s	2020-10-24 00:00:00	t	3888	2667	1.5	rocky coastal cliffs	davidclode	David	Clode	Canon	Canon EOS 6D	200	5.6	18.0	1/30	Zion National Park	37.2982	-112.9789	United States	Utah	4148320	34159	rocky coastal cliffs	Zion National Park	37.2982	-112.9789	89	L109BA
UIf9YO7LsuE	https://unsplash.com/photos/UIf9YO7LsuE	https://images.unsplash.com/photo-UIf9YO7LsuE	2019-12-27 00:00:00	t	5184	2592	2.0	waterfall in jungle	hisvedge	Hisham	Vedge	Canon	Canon EOS 6D	200	5.6	35.0	1/125	Lake Baikal	53.5	104.8	Russia	Siberia	4934083	31906	waterfall in jungle	Lake Baikal	53.5	104.8	62	L2187
VL2Vec7fHLU	https://unsplash.com/photos/VL2Vec7fHLU	https://images.unsplash.com/photo-VL2Vec7fHLU	2019-04-27 00:00:00	t	5184	3000	1.7	winter mountain vista	gradienta	Gradienta		Canon	Canon EOS 6D	100	4.0	135.0	1/250	Croatian Coast	43.0	16.8	Croatia	Dalmatia	1639182	18003	winter mountain vista	Croatian Coast	43.0	16.8	82	LDB32
X0FpESo69Z0	https://unsplash.com/photos/X0FpESo69Z0	https://images.unsplash.com/photo-X0FpESo69Z0	2022-12-24 00:00:00	t	6000	2667	2.2	snow-capped peaks	frankiefoto	Frankie	Foto	NIKON CORPORATION	NIKON D750	800	4.0	18.0	1/250	Rocky Mountains	40.3573	-105.6811	United States	Colorado	2229673	16639	snow-capped peaks	Rocky Mountains	40.3573	-105.6811	71	L4063
X7HsylKeork	https://unsplash.com/photos/X7HsylKeork	https://images.unsplash.com/photo-X7HsylKeork	2018-09-11 00:00:00	t	3264	4000	0.8	waterfall in jungle	jameshardie	James	Hardie	NIKON CORPORATION	NIKON D850	160	8.0	85.0	1/125	Iceland Highlands	64.9	-19.0	Iceland	Central	2990234	20976	waterfall in jungle	Iceland Highlands	64.9	-19.0	85	L13636
YXhV27bQ3dY	https://unsplash.com/photos/YXhV27bQ3dY	https://images.unsplash.com/photo-YXhV27bQ3dY	2018-12-08 00:00:00	f	3888	2000	1.9	meadow with wildflowers	eberhard_grossgasteiger	Eberhard	Grossgasteiger	NIKON CORPORATION	NIKON D750	800	2.8	135.0	1/250	Norwegian Fjords	60.8	6.9	Norway	Sognefjord	749504	48025	meadow with wildflowers	Norwegian Fjords	60.8	6.9	88	L11339
Yh6K2eTr_FY	https://unsplash.com/photos/Yh6K2eTr_FY	https://images.unsplash.com/photo-Yh6K2eTr_FY	2019-01-27 00:00:00	t	4000	3456	1.2	dense tropical vegetation	jameshardie	James	Hardie	FUJIFILM	X-H1	100	5.6	85.0	1/2000	Black Forest	48.5	8.2	Germany	Baden-Württemberg	2132768	37685	dense tropical vegetation	Black Forest	48.5	8.2	51	L12657
ZQeRH1XD4Tc	https://unsplash.com/photos/ZQeRH1XD4Tc	https://images.unsplash.com/photo-ZQeRH1XD4Tc	2018-12-29 00:00:00	t	3264	3000	1.1	peaceful lake reflection	gradienta	Gradienta		FUJIFILM	X-T3	400	2.0	18.0	1/2000	Caucasus Mountains	43.0	44.0	Russia	Caucasus	3711772	20410	peaceful lake reflection	Caucasus Mountains	43.0	44.0	55	L761A
_cb5MjNG3DI	https://unsplash.com/photos/_cb5MjNG3DI	https://images.unsplash.com/photo-_cb5MjNG3DI	2022-10-03 00:00:00	t	6000	4000	1.5	arid desert landscape	ikukevk	Ivan	Kukekov	Canon	Canon EOS 7D Mark II	160	4.0	50.0	1/60	Lake Baikal	53.5	104.8	Russia	Siberia	3190280	32772	arid desert landscape	Lake Baikal	53.5	104.8	66	L4BD
am7TTMSpT_k	https://unsplash.com/photos/am7TTMSpT_k	https://images.unsplash.com/photo-am7TTMSpT_k	2018-06-06 00:00:00	f	3264	2592	1.3	vast grassland plain	everton_vila	Everton	Vila	NIKON CORPORATION	NIKON D850	160	5.6	35.0	1/30	Rocky Mountains	40.3573	-105.6811	United States	Colorado	4808331	10452	vast grassland plain	Rocky Mountains	40.3573	-105.6811	65	L67D3
bUhzlj3gGso	https://unsplash.com/photos/bUhzlj3gGso	https://images.unsplash.com/photo-bUhzlj3gGso	2019-01-28 00:00:00	f	4000	2000	2.0	waterfall in jungle	jameshardie	James	Hardie	FUJIFILM	X-H1	800	5.6	24.0	1/250	Amazon Rainforest	-3.0	-60.0	Brazil	Amazonas	3831993	15355	waterfall in jungle	Amazon Rainforest	-3.0	-60.0	55	L538A
bk4hN4Jvnac	https://unsplash.com/photos/bk4hN4Jvnac	https://images.unsplash.com/photo-bk4hN4Jvnac	2022-03-10 00:00:00	t	3264	2048	1.6	rocky coastal cliffs	gradienta	Gradienta		Canon	Canon EOS 5D Mark III	160	10.0	24.0	1/125	Atacama Desert	-22.9	-68.2	Chile	Antofagasta	2108745	16502	rocky coastal cliffs	Atacama Desert	-22.9	-68.2	52	LC1D5
cDD83wV627U	https://unsplash.com/photos/cDD83wV627U	https://images.unsplash.com/photo-cDD83wV627U	2022-02-20 00:00:00	f	4500	3456	1.3	dense tropical vegetation	sadswim	Sad	Swim	FUJIFILM	X-T3	200	5.6	50.0	1/30	Swiss Alps	46.8083	8.2275	Switzerland	Bernese Oberland	1324686	16382	dense tropical vegetation	Swiss Alps	46.8083	8.2275	81	L166D
d8bKbXRcOVo	https://unsplash.com/photos/d8bKbXRcOVo	https://images.unsplash.com/photo-d8bKbXRcOVo	2022-05-09 00:00:00	t	3000	2667	1.1	misty valley at dawn	jameshardie	James	Hardie	NIKON CORPORATION	NIKON D850	1600	10.0	35.0	1/2000	Rocky Mountains	40.3573	-105.6811	United States	Colorado	360927	38774	misty valley at dawn	Rocky Mountains	40.3573	-105.6811	72	LAA4
dg5KvcVv7tU	https://unsplash.com/photos/dg5KvcVv7tU	https://images.unsplash.com/photo-dg5KvcVv7tU	2021-01-10 00:00:00	t	3888	3456	1.1	rocky coastal cliffs	kayleigh_madej	Kayleigh	Madej	Canon	Canon EOS 6D	400	5.6	135.0	1/30	Zion National Park	37.2982	-112.9789	United States	Utah	1096389	6237	rocky coastal cliffs	Zion National Park	37.2982	-112.9789	54	L5B0A
dxZfq6Xuz5c	https://unsplash.com/photos/dxZfq6Xuz5c	https://images.unsplash.com/photo-dxZfq6Xuz5c	2019-12-28 00:00:00	f	3000	2000	1.5	winter mountain vista	kayleigh_madej	Kayleigh	Madej	FUJIFILM	X-T3	800	8.0	85.0	1/250	Mount Etna	37.7	15.0	Italy	Sicily	4124082	17543	winter mountain vista	Mount Etna	37.7	15.0	87	LECE6
fWb-lvqWjqI	https://unsplash.com/photos/fWb-lvqWjqI	https://images.unsplash.com/photo-fWb-lvqWjqI	2018-05-16 00:00:00	t	5184	2000	2.6	vibrant wildflower field	raddfilms	Radd	Films	FUJIFILM	X-T3	400	5.6	100.0	1/125	Banff National Park	51.4968	-115.9281	Canada	Alberta	2537295	33479	vibrant wildflower field	Banff National Park	51.4968	-115.9281	70	L4A75
fdR2GOe4aBY	https://unsplash.com/photos/fdR2GOe4aBY	https://images.unsplash.com/photo-fdR2GOe4aBY	2018-09-02 00:00:00	f	5184	4000	1.3	starry night sky	olivierh	Olivier	Herbert	Canon	Canon EOS 7D Mark II	100	8.0	18.0	1/30	Death Valley	36.5323	-116.9325	United States	California	3343973	45563	starry night sky	Death Valley	36.5323	-116.9325	67	L11B68
gGC63oug3iY	https://unsplash.com/photos/gGC63oug3iY	https://images.unsplash.com/photo-gGC63oug3iY	2018-02-17 00:00:00	t	3000	3456	0.9	volcanic rock formation	gradienta	Gradienta		FUJIFILM	X-T3	800	2.0	16.0	1/500	Lake Tahoe	39.0968	-120.0324	United States	California	1336542	26463	volcanic rock formation	Lake Tahoe	39.0968	-120.0324	66	L15D78
gh0jQUTRX0c	https://unsplash.com/photos/gh0jQUTRX0c	https://images.unsplash.com/photo-gh0jQUTRX0c	2021-02-06 00:00:00	t	4500	3456	1.3	spring cherry blossoms	raddfilms	Radd	Films	Canon	Canon EOS 6D	400	2.0	85.0	1/2000	Mount Etna	37.7	15.0	Italy	Sicily	4701629	36804	spring cherry blossoms	Mount Etna	37.7	15.0	67	L16566
gweOVL1QjPo	https://unsplash.com/photos/gweOVL1QjPo	https://images.unsplash.com/photo-gweOVL1QjPo	2019-02-02 00:00:00	t	5184	2592	2.0	starry night sky	anniespratt	Annie	Spratt	FUJIFILM	X-H1	800	5.6	35.0	1/2000	Swiss Alps	46.8083	8.2275	Switzerland	Bernese Oberland	4436295	41747	starry night sky	Swiss Alps	46.8083	8.2275	78	L176CD
h1jyIBttST0	https://unsplash.com/photos/h1jyIBttST0	https://images.unsplash.com/photo-h1jyIBttST0	2021-03-10 00:00:00	t	3000	2667	1.1	green hillside landscape	everton_vila	Everton	Vila	Canon	Canon EOS 5D Mark III	160	5.6	135.0	1/1000	Iceland Highlands	64.9	-19.0	Iceland	Central	171370	1247	green hillside landscape	Iceland Highlands	64.9	-19.0	60	L58AC
lEBDlbXLEgs	https://unsplash.com/photos/lEBDlbXLEgs	https://images.unsplash.com/photo-lEBDlbXLEgs	2022-01-23 00:00:00	f	5184	2000	2.6	majestic mountain landscape	maurizio_manzato	Maurizio	Manzato	FUJIFILM	X-T3	800	5.6	100.0	1/60	Lake Tahoe	39.0968	-120.0324	United States	California	2297117	33964	majestic mountain landscape	Lake Tahoe	39.0968	-120.0324	94	L4E50
nGjGg9TVTGg	https://unsplash.com/photos/nGjGg9TVTGg	https://images.unsplash.com/photo-nGjGg9TVTGg	2020-07-13 00:00:00	t	6000	3456	1.7	majestic mountain landscape	everton_vila	Everton	Vila	FUJIFILM	X-T3	400	2.8	135.0	1/250	Death Valley	36.5323	-116.9325	United States	California	2176023	36090	majestic mountain landscape	Death Valley	36.5323	-116.9325	68	L8F5B
na_ixmBlOmQ	https://unsplash.com/photos/na_ixmBlOmQ	https://images.unsplash.com/photo-na_ixmBlOmQ	2021-06-09 00:00:00	t	4000	2000	2.0	meadow with wildflowers	neom	NEOM		FUJIFILM	X-H1	1600	10.0	35.0	1/30	Lake Tahoe	39.0968	-120.0324	United States	California	1095621	26813	meadow with wildflowers	Lake Tahoe	39.0968	-120.0324	68	L53C0
nvmmUzpQcVs	https://unsplash.com/photos/nvmmUzpQcVs	https://images.unsplash.com/photo-nvmmUzpQcVs	2020-02-05 00:00:00	t	6000	3456	1.7	snow-capped peaks	queeniebee	Queenie	Bee	Canon	Canon EOS 6D	100	10.0	24.0	1/2000	Lake Como	46.0	9.2	Italy	Lombardy	2490630	24493	snow-capped peaks	Lake Como	46.0	9.2	61	L12B45
nxCtO8W9JLo	https://unsplash.com/photos/nxCtO8W9JLo	https://images.unsplash.com/photo-nxCtO8W9JLo	2018-06-27 00:00:00	t	5184	2592	2.0	autumn trees in forest	lance_asper	Lance	Asper	SONY	ILCE-7R III	400	4.0	50.0	1/1000	Patagonia	-49.3	-71.2	Argentina	Santa Cruz	1681470	48518	autumn trees in forest	Patagonia	-49.3	-71.2	58	L12801
oGaPflEHgQg	https://unsplash.com/photos/oGaPflEHgQg	https://images.unsplash.com/photo-oGaPflEHgQg	2021-06-28 00:00:00	t	5184	4000	1.3	snow-capped peaks	anniespratt	Annie	Spratt	NIKON CORPORATION	NIKON D850	800	10.0	24.0	1/60	Iceland Highlands	64.9	-19.0	Iceland	Central	4296827	43703	snow-capped peaks	Iceland Highlands	64.9	-19.0	81	LD9D9
pQfAgConZVw	https://unsplash.com/photos/pQfAgConZVw	https://images.unsplash.com/photo-pQfAgConZVw	2022-05-25 00:00:00	f	6000	2048	2.9	dense tropical vegetation	eberhard_grossgasteiger	Eberhard	Grossgasteiger	NIKON CORPORATION	NIKON D810	160	10.0	85.0	1/1000	Grand Canyon	36.1069	-112.1128	United States	Arizona	2353817	33353	dense tropical vegetation	Grand Canyon	36.1069	-112.1128	69	L869E
qem7xLMt1bU	https://unsplash.com/photos/qem7xLMt1bU	https://images.unsplash.com/photo-qem7xLMt1bU	2018-06-11 00:00:00	t	3000	2592	1.2	winter mountain vista	tinywhitecottage	Tiny	Cottage	NIKON CORPORATION	NIKON D810	160	1.8	35.0	1/2000	Lake Como	46.0	9.2	Italy	Lombardy	1799008	23264	winter mountain vista	Lake Como	46.0	9.2	78	L157DE
rRGTgjHQHDQ	https://unsplash.com/photos/rRGTgjHQHDQ	https://images.unsplash.com/photo-rRGTgjHQHDQ	2022-10-14 00:00:00	t	3888	2592	1.5	arid desert landscape	hisvedge	Hisham	Vedge	Canon	Canon EOS 7D Mark II	100	8.0	100.0	1/1000	Caucasus Mountains	43.0	44.0	Russia	Caucasus	4514336	26978	arid desert landscape	Caucasus Mountains	43.0	44.0	90	L102F0
rvKlgNHaTC4	https://unsplash.com/photos/rvKlgNHaTC4	https://images.unsplash.com/photo-rvKlgNHaTC4	2021-07-10 00:00:00	t	6000	2048	2.9	peaceful lake reflection	kayleigh_madej	Kayleigh	Madej	Canon	Canon EOS 7D Mark II	400	8.0	135.0	1/250	Rocky Mountains	40.3573	-105.6811	United States	Colorado	3928362	46934	peaceful lake reflection	Rocky Mountains	40.3573	-105.6811	85	L15101
s73LU7J77Yg	https://unsplash.com/photos/s73LU7J77Yg	https://images.unsplash.com/photo-s73LU7J77Yg	2020-10-29 00:00:00	t	3000	4000	0.8	winter mountain vista	gradienta	Gradienta		FUJIFILM	X-H1	200	8.0	100.0	1/2000	Swiss Alps	46.8083	8.2275	Switzerland	Bernese Oberland	1694001	47802	winter mountain vista	Swiss Alps	46.8083	8.2275	83	LE51
sKJ7zSylUao	https://unsplash.com/photos/sKJ7zSylUao	https://images.unsplash.com/photo-sKJ7zSylUao	2018-10-23 00:00:00	t	3888	2667	1.5	dense tropical vegetation	jameshardie	James	Hardie	SONY	ILCE-7M3	1600	2.8	24.0	1/30	Rocky Mountains	40.3573	-105.6811	United States	Colorado	4441179	47719	dense tropical vegetation	Rocky Mountains	40.3573	-105.6811	67	L2769
savOaIMns3Y	https://unsplash.com/photos/savOaIMns3Y	https://images.unsplash.com/photo-savOaIMns3Y	2018-08-08 00:00:00	t	3888	2048	1.9	peaceful lake reflection	paulkarafillis	Paul	Karafillis	Canon	Canon EOS 5D Mark III	400	4.0	24.0	1/2000	Mount Etna	37.7	15.0	Italy	Sicily	4747705	35842	peaceful lake reflection	Mount Etna	37.7	15.0	84	L17973
tME8s001BNQ	https://unsplash.com/photos/tME8s001BNQ	https://images.unsplash.com/photo-tME8s001BNQ	2021-12-30 00:00:00	t	4500	4000	1.1	meadow with wildflowers	lance_asper	Lance	Asper	NIKON CORPORATION	NIKON D810	160	5.6	85.0	1/30	Rocky Mountains	40.3573	-105.6811	United States	Colorado	341765	19631	meadow with wildflowers	Rocky Mountains	40.3573	-105.6811	87	L173F7
upT9R6CO-Hc	https://unsplash.com/photos/upT9R6CO-Hc	https://images.unsplash.com/photo-upT9R6CO-Hc	2021-02-09 00:00:00	f	3888	2000	1.9	autumn trees in forest	kayleigh_madej	Kayleigh	Madej	Canon	Canon EOS 5D Mark III	200	5.6	24.0	1/2000	Patagonia	-49.3	-71.2	Argentina	Santa Cruz	4740488	38607	autumn trees in forest	Patagonia	-49.3	-71.2	57	L17D74
veXmuv38r-Y	https://unsplash.com/photos/veXmuv38r-Y	https://images.unsplash.com/photo-veXmuv38r-Y	2019-08-30 00:00:00	f	6000	2048	2.9	volcanic rock formation	ikukevk	Ivan	Kukekov	NIKON CORPORATION	NIKON D850	160	4.0	100.0	1/1000	Caucasus Mountains	43.0	44.0	Russia	Caucasus	3144044	23133	volcanic rock formation	Caucasus Mountains	43.0	44.0	73	L14D50
x3YAC7ig0vg	https://unsplash.com/photos/x3YAC7ig0vg	https://images.unsplash.com/photo-x3YAC7ig0vg	2019-02-18 00:00:00	t	5184	2667	1.9	misty valley at dawn	everton_vila	Everton	Vila	FUJIFILM	X-T3	400	5.6	16.0	1/1000	Zion National Park	37.2982	-112.9789	United States	Utah	4559876	26071	misty valley at dawn	Zion National Park	37.2982	-112.9789	66	L73B3
xuN4ZvsiamU	https://unsplash.com/photos/xuN4ZvsiamU	https://images.unsplash.com/photo-xuN4ZvsiamU	2020-12-01 00:00:00	t	6000	2592	2.3	autumn trees in forest	maurizio_manzato	Maurizio	Manzato	Canon	Canon EOS 5D Mark III	1600	5.6	16.0	1/1000	Iceland Highlands	64.9	-19.0	Iceland	Central	1933074	24472	autumn trees in forest	Iceland Highlands	64.9	-19.0	66	L1446F
zcWRhtwhkYw	https://unsplash.com/photos/zcWRhtwhkYw	https://images.unsplash.com/photo-zcWRhtwhkYw	2020-05-23 00:00:00	f	3264	3456	0.9	rocky coastal cliffs	eberhard_grossgasteiger	Eberhard	Grossgasteiger	NIKON CORPORATION	NIKON D750	200	8.0	135.0	1/500	Croatian Coast	43.0	16.8	Croatia	Dalmatia	4669769	49939	rocky coastal cliffs	Croatian Coast	43.0	16.8	61	L13B39
